[{"id":1,"name":"Allview P10 Mini","description":"Android 8.1 Oreo","price":15,"brand":"Allview"},
{"id":2,"name":"Allview X4 Soul Vision","description":"Android 7.0","price":54,"brand":"Allview"},
{"id":3,"name":"Samsung E390","description":"Feature phone","price":93,"brand":"Samsung"},
{"id":4,"name":"Nokia 2720 fold","description":"Feature phone","price":8,"brand":"Nokia"},
{"id":5,"name":"LG Thrive P506","description":"Android 2.2","price":16,"brand":"LG"},
{"id":6,"name":"LG G2 mini LTE","description":"Android 4.4.2, up to 5.0.2, LG Optimus UI 3","price":70,"brand":"LG"},
{"id":7,"name":"Coolpad Cool Play 6","description":"Android 7.1.1, Journey UI","price":66,"brand":"Coolpad"},
{"id":8,"name":"BLU Studio 5.0 II","description":"Android 4.2","price":8,"brand":"BLU"},
{"id":9,"name":"Celkon AR45","description":"Android 4.2.2","price":63,"brand":"Celkon"},
{"id":10,"name":"Palm Treo 750v","description":"Microsoft Windows Mobile 5.0 PocketPC","price":30,"brand":"Palm"},
{"id":11,"name":"Sony Ericsson T715","description":"Feature phone","price":84,"brand":"Sony"},
{"id":12,"name":"alcatel 3L (2020)","description":"Android 10","price":48,"brand":"alcatel"},
{"id":13,"name":"Philips Xenium 9@9q","description":"Feature phone","price":77,"brand":"Philips"},
{"id":14,"name":"Huawei Y6 Pro (2019)","description":"Android 9.0, EMUI 9","price":43,"brand":"Huawei"},
{"id":15,"name":"Sonim XP3.20 Quest","description":"Feature phone","price":78,"brand":"Sonim"},
{"id":16,"name":"Panasonic VS3","description":"Feature phone","price":78,"brand":"Panasonic"},
{"id":17,"name":"XOLO 8X-1020","description":"Android 4.4.2","price":2,"brand":"XOLO"},
{"id":18,"name":"Samsung Galaxy Fold 5G","description":"Android 9.0, up to Android 11, One UI 3.0","price":44,"brand":"Samsung"},
{"id":19,"name":"Tecno Phantom 6 Plus","description":"Android 7.0","price":37,"brand":"Tecno"},
{"id":20,"name":"Lava Iris Fuel 60","description":"Android 4.4.2","price":20,"brand":"Lava"},
{"id":21,"name":"Samsung Galaxy Tab A 8.0 (2019)","description":"Android 9.0, up to Android 11","price":75,"brand":"Samsung"},
{"id":22,"name":"Yezz Exclusive Z10","description":"Feature phone","price":41,"brand":"Yezz"},
{"id":23,"name":"LG GT500 Puccini","description":"Feature phone","price":83,"brand":"LG"},
{"id":24,"name":"Coolpad Modena 2","description":"Android 6, Cool UI 8","price":86,"brand":"Coolpad"},
{"id":25,"name":"Asus Zenfone 6 A601CG (2014)","description":"Android 4.3, up to 5.0.2","price":19,"brand":"Asus"},
{"id":26,"name":"Panasonic Eluga Note","description":"Android 6.0.1, FitHome UI","price":12,"brand":"Panasonic"},
{"id":27,"name":"LG CF360","description":"Feature phone","price":86,"brand":"LG"},
{"id":28,"name":"alcatel OT 735i","description":"Feature phone","price":37,"brand":"alcatel"},
{"id":29,"name":"Motorola EX112","description":"Feature phone","price":56,"brand":"Motorola"},
{"id":30,"name":"Celkon C305","description":"Feature phone","price":52,"brand":"Celkon"},
{"id":31,"name":"Vodafone Smart V10","description":"Android 9.0","price":93,"brand":"Vodafone"},
{"id":32,"name":"Nokia Asha 205","description":"Feature phone","price":51,"brand":"Nokia"},
{"id":33,"name":"Spice Mi-426 Smart Flo Mettle 4.0X","description":"Android 4.2","price":59,"brand":"Spice"},
{"id":34,"name":"Allview City+","description":"Android 4.1","price":90,"brand":"Allview"},
{"id":35,"name":"BlackBerry Style 9670","description":"BlackBerry OS 6.0","price":34,"brand":"BlackBerry"},
{"id":36,"name":"Wiko Pulp","description":"Android 5.1","price":44,"brand":"Wiko"},
{"id":37,"name":"Energizer Energy E551S","description":"Android 8.0 Oreo","price":68,"brand":"Energizer"},
{"id":38,"name":"Samsung Galaxy A70","description":"Android 9.0, up to Android 11, One UI 3.1","price":53,"brand":"Samsung"},
{"id":39,"name":"Motorola XT390","description":"Android 2.3.6","price":47,"brand":"Motorola"},
{"id":40,"name":"Huawei nova 3","description":"Android 8.1, up to Android 9.0, EMUI 9.1","price":99,"brand":"Huawei"},
{"id":41,"name":"Gigabyte GSmart Rio R1","description":"Android 4.0","price":36,"brand":"Gigabyte"},
{"id":42,"name":"Motorola ATRIX HD MB886","description":"Android 4.0.4, up to 4.1","price":86,"brand":"Motorola"},
{"id":43,"name":"Spice Mi-270","description":"Android 2.2","price":9,"brand":"Spice"},
{"id":44,"name":"LG Optimus 2X SU660","description":"Android 2.2, 2.3, up to 4.0","price":62,"brand":"LG"},
{"id":45,"name":"Allview W1s","description":"Microsoft Windows Phone 8.1","price":75,"brand":"Allview"},
{"id":46,"name":"Samsung Galaxy Tab 2 10.1 P5100","description":"Android 4.0.3, up to 4.1, TouchWiz UX UI","price":100,"brand":"Samsung"},
{"id":47,"name":"Sony Ericsson W900","description":"Feature phone","price":99,"brand":"Sony"},
{"id":48,"name":"Samsung T659 Scarlet","description":"Feature phone","price":28,"brand":"Samsung"},
{"id":49,"name":"Sony Xperia E4g","description":"Android 4.4.4","price":46,"brand":"Sony"},
{"id":50,"name":"Motorola Motoluxe","description":"Android 2.3.7","price":72,"brand":"Motorola"}]